"","triplet","frequency","number","aa"
"1","TAA",1.8,9,"*"
"2","TAG",0,0,"*"
"3","TGA",1,5,"*"
"4","GCT",10.7,55,"A"
"5","GCC",31.6,162,"A"
"6","GCA",21.1,108,"A"
"7","GCG",38.5,197,"A"
"8","TGT",5.9,30,"C"
"9","TGC",8,41,"C"
"10","GAT",37.9,194,"D"
"11","GAC",20.5,105,"D"
"12","GAA",43.7,224,"E"
"13","GAG",18.4,94,"E"
"14","TTT",19.7,101,"F"
"15","TTC",15,77,"F"
"16","GGT",21.3,109,"G"
"17","GGC",33.4,171,"G"
"18","GGA",9.2,47,"G"
"19","GGG",8.6,44,"G"
"20","CAT",15.8,81,"H"
"21","CAC",13.1,67,"H"
"22","ATT",30.5,156,"I"
"23","ATC",18.2,93,"I"
"24","ATA",3.7,19,"I"
"25","AAA",33.2,170,"K"
"26","AAG",12.1,62,"K"
"27","TTA",15.2,78,"L"
"28","TTG",11.9,61,"L"
"29","CTT",11.9,61,"L"
"30","CTC",10.5,54,"L"
"31","CTA",5.3,27,"L"
"32","CTG",46.9,240,"L"
"33","ATG",24.8,127,"M"
"34","AAT",21.9,112,"N"
"35","AAC",24.4,125,"N"
"36","CCT",8.4,43,"P"
"37","CCC",6.4,33,"P"
"38","CCA",6.6,34,"P"
"39","CCG",26.7,137,"P"
"40","CAA",12.1,62,"Q"
"41","CAG",27.7,142,"Q"
"42","CGT",21.1,108,"R"
"43","CGC",26,133,"R"
"44","CGA",4.3,22,"R"
"45","CGG",4.1,21,"R"
"46","AGA",1.4,7,"R"
"47","AGG",1.6,8,"R"
"48","TCT",5.7,29,"S"
"49","TCC",5.5,28,"S"
"50","TCA",7.8,40,"S"
"51","TCG",8,41,"S"
"52","AGT",7.2,37,"S"
"53","AGC",16.6,85,"S"
"54","ACT",8,41,"T"
"55","ACC",22.8,117,"T"
"56","ACA",6.4,33,"T"
"57","ACG",11.5,59,"T"
"58","GTT",16.8,86,"V"
"59","GTC",11.7,60,"V"
"60","GTA",11.5,59,"V"
"61","GTG",26.4,135,"V"
"62","TGG",10.7,55,"W"
"63","TAT",16.8,86,"Y"
"64","TAC",14.6,75,"Y"
